datum;kommun;skolnivå;antal
2024-01-03;Lund;Högskola, universitet;10
2024-01-09;Malmö;Gymnasium;8
2024-01-11;Lund;Gymnasium;5
2024-01-12;Lund;Gymnasium;32
2024-01-12;Lund;Gymnasium;30
2024-01-16;Lund;Vuxenutbildning;6
2024-01-16;Övrigt;Vuxenutbildning;14
2024-01-16;Lund;Vuxenutbildning;6
2024-01-16;Lund;Vuxenutbildning;2
2024-01-16;Lund;Gymnasium;15
2024-01-17;Lund;Förskola;1
2024-01-17;Lund;Gymnasium;12
2024-01-17;Lund;Gymnasium;3
2024-01-18;Lund;Vuxenutbildning;12
2024-01-18;Lund;Gymnasium;13
2024-01-19;Lund;Gymnasium;17
2024-01-19;Lund;Vuxenutbildning;2
2024-01-19;Lund;Vuxenutbildning;1
2024-01-23;Lund;Vuxenutbildning;24
2024-01-23;Malmö;Högskola, universitet;25
2024-01-24;Lund;Vuxenutbildning;6
2024-01-24;Lund;Gymnasium;23
2024-01-25;Lund;Gymnasium;1
2024-01-25;Lund;Högskola, universitet;18
2024-01-25;Lund;Högskola, universitet;2
2024-01-26;Lund;Högskola, universitet;17
2024-01-28;Lund;Högskola, universitet;2
2024-01-30;Lund;Vuxenutbildning;6
2024-01-30;Lund;Förskola;9
2024-01-30;Lund;Vuxenutbildning;6
2024-01-30;Lomma;Årskurs 9;23
2024-01-30;Lomma;Årskurs 9;22
2024-01-30;Lomma;Gymnasium;28
2024-01-30;Lund;Årskurs 9;26
2024-01-31;Lomma;Årskurs 9;26
2024-01-31;Lomma;Årskurs 9;25
2024-01-31;Lomma;Högskola, universitet;15
2024-01-31;Lund;Gymnasium;1
2024-02-01;Lomma;Årskurs 9;36
2024-02-01;Lomma;Årskurs 9;26
2024-02-01;Lund;Högskola, universitet;5
2024-02-02;Lomma;Årskurs 9;21
2024-02-02;Lund;Gymnasium;28
2024-02-02;Lund;Vuxenutbildning;1
2024-02-05;Lund;Vuxenutbildning;6
2024-02-06;Lund;Vuxenutbildning;6
2024-02-06;Kristianstad;Vuxenutbildning;3
2024-02-06;Övrigt;Högskola, universitet;10
2024-02-07;Lund;Högskola, universitet;1
2024-02-07;Lund;Vuxenutbildning;6
2024-02-07;Lund;Årskurs 4;7
2024-02-07;Övrigt;Vuxenutbildning;14
2024-02-07;Lund;Högskola, universitet;15
2024-02-07;Lund;Årskurs 4;23
2024-02-08;Lund;Högskola, universitet;14
2024-02-08;Lund;Vuxenutbildning;6
2024-02-08;Lund;Vuxenutbildning;6
2024-02-09;Lund;Årskurs 4;24
2024-02-09;Lund;Förskola;26
2024-02-09;Lund;Årskurs 4;18
2024-02-09;Lund;Årskurs 9;28
2024-02-09;Lund;Vuxenutbildning;6
2024-02-09;Lund;Förskola;1
2024-02-13;Lund;Vuxenutbildning;12
2024-02-13;Lomma;Årskurs 9;27
2024-02-13;Svalöv;Gymnasium;19
2024-02-13;Lund;Årskurs 2;24
2024-02-13;Övrigt;Gymnasium;18
2024-02-13;Lomma;Årskurs 9;23
2024-02-14;Lomma;Årskurs 9;43
2024-02-14;Lund;Vuxenutbildning;6
2024-02-14;Lund;Vuxenutbildning;19
2024-02-14;Lund;Årskurs 9;33
2024-02-15;Lomma;Årskurs 9;21
2024-02-15;Lomma;Årskurs 9;18
2024-02-15;Lund;Vuxenutbildning;12
2024-02-16;Lomma;Årskurs 9;21
2024-02-16;Lomma;Årskurs 9;19
2024-02-16;Lund;Förskola;26
2024-02-16;Lomma;Årskurs 6;23
2024-02-16;Lund;Årskurs 4;16
2024-02-16;Lund;Årskurs 9;22
2024-02-16;Lund;Vuxenutbildning;6
2024-02-18;Lund;Gymnasium;1
2024-02-19;Lund;Vuxenutbildning;6
2024-02-20;Lund;Vuxenutbildning;6
2024-02-20;Burlöv;Vuxenutbildning;11
2024-02-21;Lund;Årskurs 3;50
2024-02-21;Lund;Årskurs 1;22
2024-02-21;Lund;Årskurs 3;14
2024-02-21;Kristianstad;Förskola;7
2024-02-21;Lund;Vuxenutbildning;6
2024-02-21;Burlöv;Vuxenutbildning;8
2024-02-22;Lund;Årskurs 3;9
2024-02-22;Lund;Årskurs 3;31
2024-02-22;Kristianstad;Förskola;9
2024-02-22;Lund;Vuxenutbildning;6
2024-02-22;Lund;Vuxenutbildning;9
2024-02-23;Lund;Vuxenutbildning;6
2024-02-23;Lund;Högskola, universitet;1
2024-02-27;Lund;Vuxenutbildning;6
2024-02-27;Lund;Förskoleklass;25
2024-02-27;Lund;Årskurs 1;29
2024-02-27;Lund;Vuxenutbildning;6
2024-02-28;Lund;Vuxenutbildning;6
2024-02-28;Malmö;Förskola;26
2024-02-28;Lund;Gymnasium;30
2024-02-28;Lund;Årskurs 3;33
2024-02-29;Lund;Årskurs 3;32
2024-02-29;Lomma;Årskurs 8;19
2024-02-29;Lund;Årskurs 3;27
2024-02-29;Lund;Vuxenutbildning;6
2024-02-29;Lund;Vuxenutbildning;6
2024-03-01;Lund;Vuxenutbildning;6
2024-03-01;Malmö;Förskola;20
2024-03-01;Lund;Årskurs 4;1
2024-03-02;Lund;Årskurs 1;1
2024-03-03;Lund;Vuxenutbildning;1
2024-03-05;Lund;Vuxenutbildning;6
2024-03-05;Lund;Vuxenutbildning;6
2024-03-05;Lomma;Årskurs 9;50
2024-03-05;Lund;Förskola;6
2024-03-06;Lund;Årskurs 3;26
2024-03-06;Lund;Årskurs 3;28
2024-03-06;Lund;Årskurs 3;4
2024-03-06;Trelleborg;Årskurs 7;18
2024-03-06;Lund;Vuxenutbildning;6
2024-03-06;Lomma;Årskurs 9;21
2024-03-06;Lomma;Årskurs 9;27
2024-03-06;Lund;Gymnasium;15
2024-03-06;Tomelilla;Gymnasium;13
2024-03-07;Lund;Förskola;14
2024-03-07;Lund;Årskurs 3;30
2024-03-07;Lund;Gymnasium;19
2024-03-07;Lund;Vuxenutbildning;12
2024-03-07;Lund;Gymnasium;8
2024-03-08;Lund;Vuxenutbildning;6
2024-03-09;Skurup;Årskurs 8;9
2024-03-09;Skurup;Årskurs 8;9
2024-03-12;Lund;Årskurs 3;26
2024-03-12;Lund;Vuxenutbildning;1
2024-03-12;Lund;Förskola;13
2024-03-12;Lund;Årskurs 1;4
2024-03-12;Lund;Årskurs 3;30
2024-03-12;Lund;Vuxenutbildning;4
2024-03-12;Lund;Vuxenutbildning;6
2024-03-13;Lund;Årskurs 2;31
2024-03-13;Lund;Vuxenutbildning;6
2024-03-13;Lund;Gymnasium;14
2024-03-13;Lund;Årskurs 3;23
2024-03-14;Lund;Vuxenutbildning;12
2024-03-15;Lund;Årskurs 1;31
2024-03-15;Malmö;Förskoleklass;23
2024-03-15;Lund;Vuxenutbildning;6
2024-03-15;Lund;Årskurs 2;17
2024-03-16;Staffanstorp;Årskurs 1;1
2024-03-16;Lund;Högskola, universitet;1
2024-03-16;Lund;Vuxenutbildning;6
2024-03-19;Lund;Årskurs 1;50
2024-03-19;Lund;Årskurs 3;28
2024-03-19;Lund;Vuxenutbildning;6
2024-03-19;Lund;Gymnasium;27
2024-03-19;Lund;Årskurs 2;28
2024-03-19;Lund;Vuxenutbildning;15
2024-03-19;Malmö;Gymnasium;27
2024-03-19;Malmö;Årskurs 3;19
2024-03-19;Lund;Vuxenutbildning;6
2024-03-20;Lund;Årskurs 3;30
2024-03-20;Malmö;Förskola;19
2024-03-20;Lund;Årskurs 3;27
2024-03-20;Övrigt;Högskola, universitet;1
2024-03-21;Lund;Årskurs 7;8
2024-03-21;Lund;Förskola;1
2024-03-22;Malmö;Vuxenutbildning;39
2024-03-23;Lund;Vuxenutbildning;6
2024-03-23;Lund;Vuxenutbildning;6
2024-03-26;Kävlinge;Förskoleklass;38
2024-03-26;Lund;Årskurs 2;53
2024-03-26;Lund;Högskola, universitet;8
2024-03-26;Lund;Vuxenutbildning;6
2024-03-27;Staffanstorp;Årskurs 1;23
2024-03-27;Lund;Vuxenutbildning;6
2024-03-27;Lund;Årskurs 5;1
2024-03-28;Lund;Årskurs 4;25
2024-03-29;Lund;Vuxenutbildning;6
2024-03-29;Lund;Vuxenutbildning;6
2024-03-29;Lund;Vuxenutbildning;6
2024-04-01;Lund;Vuxenutbildning;6
2024-04-02;Lund;Årskurs 3;45
2024-04-02;Lund;Vuxenutbildning;6
2024-04-02;Klippan;Gymnasium;26
2024-04-03;Lund;Årskurs 3;58
2024-04-03;Lund;Vuxenutbildning;6
2024-04-04;Lund;Vuxenutbildning;12
2024-04-05;Lund;Gymnasium;40
2024-04-05;Lund;Vuxenutbildning;6
2024-04-08;Lund;Vuxenutbildning;6
2024-04-09;Lund;Förskola;21
2024-04-09;Lund;Vuxenutbildning;6
2024-04-10;Lund;Årskurs 3;28
2024-04-10;Lund;Högskola, universitet;16
2024-04-10;Malmö;Vuxenutbildning;18
2024-04-10;Lund;Vuxenutbildning;6
2024-04-10;Burlöv;Högskola, universitet;40
2024-04-10;Lund;Förskoleklass;28
2024-04-10;Lund;Förskola;20
2024-04-11;Lund;Förskola;31
2024-04-11;Lund;Årskurs 4;4
2024-04-11;Lund;Årskurs 7;60
2024-04-11;Lund;Vuxenutbildning;12
2024-04-12;Lund;Årskurs 3;29
2024-04-12;Lund;Vuxenutbildning;6
2024-04-12;Malmö;Högskola, universitet;10
2024-04-12;Lund;Årskurs 3;26
2024-04-12;Malmö;Vuxenutbildning;19
2024-04-16;Lund;Årskurs 1;27
2024-04-16;Lund;Vuxenutbildning;6
2024-04-16;Lund;Årskurs 1;28
2024-04-16;Lund;Årskurs 1;57
2024-04-16;Lund;Vuxenutbildning;6
2024-04-16;Klippan;Gymnasium;14
2024-04-16;Lund;Årskurs 2;30
2024-04-16;Lund;Vuxenutbildning;6
2024-04-17;Lund;Förskola;24
2024-04-17;Lund;Vuxenutbildning;6
2024-04-17;Lund;Vuxenutbildning;6
2024-04-17;Lund;Förskola;9
2024-04-17;Helsingborg;Gymnasium;14
2024-04-17;Lund;Högskola, universitet;1
2024-04-17;Lund;Årskurs 6;3
2024-04-18;Lund;Förskola;22
2024-04-18;Lund;Förskoleklass;18
2024-04-18;Lund;Årskurs 2;24
2024-04-18;Lund;Vuxenutbildning;6
2024-04-18;Lund;Årskurs 2;25
2024-04-18;Lund;Vuxenutbildning;6
2024-04-19;Lund;Årskurs 1;27
2024-04-19;Lund;Årskurs 3;2
2024-04-19;Lund;Årskurs 4;1
2024-04-19;Lund;Årskurs 5;1
2024-04-19;Lund;Årskurs 6;1
2024-04-19;Eslöv;Gymnasium;12
2024-04-19;Lund;Gymnasium;21
2024-04-19;Lund;Vuxenutbildning;6
2024-04-23;Lund;Vuxenutbildning;6
2024-04-23;Lund;Årskurs 1;25
2024-04-23;Lund;Gymnasium;22
2024-04-23;Lund;Gymnasium;22
2024-04-24;Kristianstad;Gymnasium;26
2024-04-24;Lund;Vuxenutbildning;6
2024-04-24;Lund;Vuxenutbildning;6
2024-04-24;Lund;Högskola, universitet;12
2024-04-24;Lund;Förskola;9
2024-04-25;Lund;Årskurs 1;26
2024-04-25;Lund;Förskola;25
2024-04-25;Lund;Vuxenutbildning;12
2024-04-25;Malmö;Förskola;19
2024-04-25;Lund;Högskola, universitet;22
2024-04-26;Lund;Årskurs 1;25
2024-04-26;Lund;Gymnasium;19
2024-04-26;Lund;Vuxenutbildning;6
2024-04-26;Lund;Förskoleklass;22
2024-04-27;Lund;Vuxenutbildning;6
2024-04-27;Lund;Förskola;2
2024-04-30;Lund;Gymnasium;32
2024-05-02;Lund;Förskola;26
2024-05-02;Lund;Gymnasium;21
2024-05-02;Lund;Förskola;24
2024-05-02;Lund;Gymnasium;31
2024-05-02;Lund;Vuxenutbildning;6
2024-05-03;Lund;Vuxenutbildning;6
2024-05-03;Lund;Högskola, universitet;24
2024-05-03;Svalöv;Vuxenutbildning;13
2024-05-06;Lund;Förskola;20
2024-05-06;Lund;Gymnasium;18
2024-05-06;Lund;Förskola;28
2024-05-07;Staffanstorp;Förskola;15
2024-05-07;Lomma;Förskola;25
2024-05-07;Kävlinge;Förskola;27
2024-05-07;Örkelljunga;Årskurs 3;12
2024-05-07;Lund;Gymnasium;8
2024-05-07;Kävlinge;Årskurs 9;6
2024-05-07;Övrigt;Gymnasium;23
2024-05-07;Lund;Högskola, universitet;17
2024-05-07;Lund;Vuxenutbildning;6
2024-05-08;Hässleholm;Förskola;14
2024-05-08;Lund;Vuxenutbildning;6
2024-05-08;Lund;Högskola, universitet;11
2024-05-08;Lund;Gymnasium;1
2024-05-12;Lund;Förskola;1
2024-05-14;Landskrona;Vuxenutbildning;17
2024-05-14;Lund;Förskola;22
2024-05-14;Lund;Vuxenutbildning;6
2024-05-14;Lund;Högskola, universitet;50
2024-05-15;Lund;Årskurs 1;20
2024-05-15;Lund;Årskurs 1;28
2024-05-15;Staffanstorp;Årskurs 9;19
2024-05-15;Trelleborg;Gymnasium;11
2024-05-16;Lund;Årskurs 2;20
2024-05-16;Lund;Förskola;19
2024-05-16;Lund;Årskurs 4;2
2024-05-16;Kristianstad;Årskurs 3;37
2024-05-17;Lund;Förskola;20
2024-05-21;Lund;Årskurs 3;33
2024-05-21;Svalöv;Årskurs 3;44
2024-05-21;Lomma;Årskurs 3;42
2024-05-21;Lund;Gymnasium;20
2024-05-21;Lund;Gymnasium;2
2024-05-21;Örkelljunga;Årskurs 3;27
2024-05-21;Kristianstad;Årskurs 3;50
2024-05-21;Lund;Gymnasium;24
2024-05-21;Lund;Vuxenutbildning;6
2024-05-22;Lund;Förskoleklass;23
2024-05-22;Lund;Årskurs 1;20
2024-05-22;Lund;Förskoleklass;17
2024-05-22;Lund;Vuxenutbildning;20
2024-05-22;Staffanstorp;Årskurs 3;51
2024-05-22;Lund;Årskurs 1;7
2024-05-23;Lund;Förskola;23
2024-05-23;Lund;Årskurs 1;43
2024-05-23;Helsingborg;Gymnasium;2
2024-05-23;Svedala;Vuxenutbildning;18
2024-05-23;Lund;Förskola;12
2024-05-23;Lund;Årskurs 8;8
2024-05-23;Kristianstad;Årskurs 3;28
2024-05-23;Lund;Gymnasium;21
2024-05-23;Lund;Gymnasium;22
2024-05-24;Lund;Årskurs 7;4
2024-05-24;Lund;Förskoleklass;19
2024-05-27;Lund;Årskurs 2;27
2024-05-27;Sjöbo;Vuxenutbildning;21
2024-05-27;Lund;Förskoleklass;30
2024-05-27;Svedala;Gymnasium;18
2024-05-28;Lund;Förskola;14
2024-05-28;Lund;Vuxenutbildning;8
2024-05-28;Lund;Högskola, universitet;18
2024-05-28;Lund;Högskola, universitet;18
2024-05-28;Lund;Högskola, universitet;17
2024-05-29;Lund;Årskurs 2;27
2024-05-29;Lund;Förskoleklass;4
2024-05-29;Lund;Förskoleklass;26
2024-05-29;Lund;Högskola, universitet;6
2024-05-29;Trelleborg;Förskola;26
2024-05-29;Svedala;Förskola;8
2024-05-29;Lund;Årskurs 1;24
2024-05-30;Lund;Årskurs 2;12
2024-05-30;Lomma;Årskurs 1;49
2024-05-30;Kävlinge;Förskola;1
2024-05-30;Kävlinge;Förskola;12
2024-05-30;Klippan;Årskurs 7;11
2024-05-30;Övrigt;Högskola, universitet;1
2024-05-30;Övrigt;Högskola, universitet;40
2024-05-31;Lund;Årskurs 1;48
2024-05-31;Burlöv;Högskola, universitet;8
2024-05-31;Landskrona;Årskurs 9;30
2024-05-31;Landskrona;Årskurs 9;30
2024-05-31;Lund;Gymnasium;11
2024-05-31;Lund;Förskoleklass;20
2024-06-03;Eslöv;Gymnasium;11
2024-06-03;Lund;Årskurs 8;3
2024-06-03;Skurup;Årskurs 9;2
2024-06-04;Kävlinge;Årskurs 1;32
2024-06-04;Höganäs;Årskurs 3;63
2024-06-04;Staffanstorp;Årskurs 2;83
2024-06-04;Staffanstorp;Årskurs 2;2
2024-06-04;Lund;Vuxenutbildning;5
2024-06-04;Lund;Gymnasium;34
2024-06-05;Eslöv;Gymnasium;28
2024-06-05;Trelleborg;Årskurs 3;43
2024-06-05;Lund;Förskoleklass;50
2024-06-07;Lund;Vuxenutbildning;10
2024-06-10;Lund;Årskurs 4;48
2024-06-10;Lund;Årskurs 1;17
2024-06-10;Lund;Vuxenutbildning;12
2024-06-10;Lund;Årskurs 7;28
2024-06-10;Lund;Årskurs 9;23
2024-06-10;Lund;Årskurs 8;21
2024-06-10;Lund;Årskurs 8;19
2024-06-10;Trelleborg;Årskurs 3;19
2024-06-10;Lund;Vuxenutbildning;8
2024-06-10;Trelleborg;Årskurs 9;44
2024-06-11;Vellinge;Årskurs 8;59
2024-06-11;Staffanstorp;Förskola;63
2024-06-11;Lund;Förskola;8
2024-06-11;Lund;Vuxenutbildning;8
2024-06-12;Malmö;Förskola;45
2024-06-12;Lund;Årskurs 3;22
2024-06-12;Vellinge;Årskurs 8;12
2024-06-13;Vellinge;Vuxenutbildning;10
2024-06-14;Lund;Vuxenutbildning;25
2024-06-14;Lund;Gymnasium;6
2024-06-17;Lund;Förskola;9
2024-06-17;Lomma;Vuxenutbildning;40
2024-06-18;Hörby;Vuxenutbildning;14
2024-06-18;Svedala;Gymnasium;16
2024-06-19;Lund;Förskola;9
2024-06-25;Lund;Årskurs 3;9
2024-06-26;Kristianstad;Vuxenutbildning;10
2024-06-27;Lund;Årskurs 2;14
2024-06-28;Lund;Årskurs 2;1
2024-06-28;Lund;Årskurs 3;15
2024-06-28;Lund;Årskurs 2;12
2024-06-28;Lund;Gymnasium;1
2024-07-03;Malmö;Vuxenutbildning;10
2024-07-03;Lund;Årskurs 1;21
2024-07-04;Lund;Förskola;17
2024-07-04;Lund;Förskola;5
2024-07-04;Lund;Förskola;10
2024-07-04;Lund;Årskurs 2;17
2024-07-10;Malmö;Vuxenutbildning;11
2024-07-11;Lund;Vuxenutbildning;5
2024-07-11;Malmö;Vuxenutbildning;30
2024-07-12;Lund;Förskola;3
2024-07-12;Lund;Förskola;7
2024-07-17;Lund;Förskola;17
2024-07-18;Burlöv;Förskola;16
2024-07-19;Lund;Årskurs 5;2
2024-07-24;Lund;Förskola;7
2024-07-24;Lund;Årskurs 2;6
2024-07-24;Lund;Förskola;1
2024-07-30;Lund;Årskurs 2;9
2024-07-31;Lund;Förskola;20
2024-08-01;Ängelholm;Vuxenutbildning;3
2024-08-02;Lund;Gymnasium;1
2024-08-07;Lund;Förskola;1
2024-08-07;Lund;Förskola;13
2024-08-08;Lund;Förskola;6
2024-08-09;Lund;Förskola;5
2024-08-12;Malmö;Vuxenutbildning;25
2024-08-13;Lund;Förskola;30
2024-08-16;Lund;Vuxenutbildning;18
2024-08-16;Lund;Vuxenutbildning;3
2024-08-16;Lund;Gymnasium;30
2024-08-16;Lund;Gymnasium;3
2024-08-19;Lund;Förskola;9
2024-08-20;Lund;Årskurs 7;25
2024-08-21;Simrishamn;Årskurs 9;25
2024-08-21;Staffanstorp;Vuxenutbildning;3
2024-08-22;Vellinge;Högskola, universitet;20
2024-08-22;Lund;Förskola;31
2024-08-22;Lund;Förskola;19
2024-08-22;Lund;Årskurs 9;19
2024-08-23;Klippan;Gymnasium;39
2024-08-26;Lund;Årskurs 9;20
2024-08-27;Lund;Vuxenutbildning;6
2024-08-29;Lund;Gymnasium;10
2024-08-29;Lund;Förskola;1
2024-08-30;Lund;Vuxenutbildning;12
2024-08-30;Lund;Årskurs 8;19
2024-08-30;Lund;Årskurs 8;20
2024-09-02;Lund;Gymnasium;26
2024-09-03;Lund;Vuxenutbildning;6
2024-09-03;Lund;Årskurs 2;45
2024-09-03;Staffanstorp;Förskola;12
2024-09-03;Lund;Gymnasium;30
2024-09-04;Lund;Förskola;25
2024-09-04;Eslöv;Vuxenutbildning;10
2024-09-04;Lund;Årskurs 6;33
2024-09-05;Staffanstorp;Förskola;11
2024-09-05;Lund;Gymnasium;17
2024-09-09;Övrigt;Högskola, universitet;21
2024-09-09;Lund;Vuxenutbildning;6
2024-09-10;Övrigt;Gymnasium;30
2024-09-10;Lund;Förskola;13
2024-09-10;Övrigt;Gymnasium;33
2024-09-10;Lund;Vuxenutbildning;6
2024-09-11;Övrigt;Högskola, universitet;22
2024-09-11;Malmö;Årskurs 7;11
2024-09-11;Kävlinge;Årskurs 2;22
2024-09-11;Övrigt;Högskola, universitet;33
2024-09-11;Lund;Högskola, universitet;47
2024-09-11;Övrigt;Årskurs 8;29
2024-09-11;Lund;Vuxenutbildning;6
2024-09-11;Lund;Gymnasium;26
2024-09-12;Lund;Förskoleklass;29
2024-09-12;Övrigt;Högskola, universitet;12
2024-09-12;Lund;Förskola;10
2024-09-12;Lund;Vuxenutbildning;6
2024-09-12;Lund;Vuxenutbildning;8
2024-09-12;Lund;Gymnasium;17
2024-09-12;Lund;Vuxenutbildning;10
2024-09-12;Lund;Vuxenutbildning;6
2024-09-13;Lund;Årskurs 1;36
2024-09-13;Staffanstorp;Årskurs 5;85
2024-09-13;Lund;Vuxenutbildning;6
2024-09-13;Lund;Gymnasium;26
2024-09-15;Lund;Vuxenutbildning;12
2024-09-17;Lund;Årskurs 3;30
2024-09-17;Lund;Förskola;10
2024-09-17;Lund;Vuxenutbildning;6
2024-09-17;Lund;Vuxenutbildning;6
2024-09-17;Övrigt;Gymnasium;13
2024-09-17;Lund;Gymnasium;12
2024-09-18;Lund;Årskurs 3;27
2024-09-18;Lund;Förskola;11
2024-09-18;Lund;Vuxenutbildning;6
2024-09-18;Kävlinge;Årskurs 9;26
2024-09-18;Kävlinge;Årskurs 9;26
2024-09-18;Lund;Gymnasium;21
2024-09-18;Övrigt;Gymnasium;45
2024-09-19;Båstad;Gymnasium;18
2024-09-19;Lund;Vuxenutbildning;6
2024-09-19;Lund;Högskola, universitet;22
2024-09-20;Lund;Förskola;17
2024-09-20;Lund;Vuxenutbildning;6
2024-09-24;Lund;Vuxenutbildning;6
2024-09-24;Kävlinge;Förskoleklass;46
2024-09-24;Övrigt;Gymnasium;46
2024-09-24;Lund;Vuxenutbildning;6
2024-09-24;Lund;Gymnasium;28
2024-09-25;Lund;Årskurs 3;32
2024-09-25;Lund;Förskola;9
2024-09-25;Lund;Förskola;18
2024-09-25;Kävlinge;Årskurs 9;100
2024-09-25;Lund;Gymnasium;44
2024-09-25;Lund;Årskurs 3;34
2024-09-25;Hässleholm;Gymnasium;18
2024-09-25;Lund;Vuxenutbildning;6
2024-09-25;Lund;Högskola, universitet;49
2024-09-26;Lund;Årskurs 3;27
2024-09-26;Lund;Förskola;16
2024-09-26;Lund;Gymnasium;19
2024-09-26;Lund;Vuxenutbildning;6
2024-09-27;Lund;Årskurs 3;32
2024-09-27;Lund;Årskurs 3;12
2024-09-27;Lund;Vuxenutbildning;6
2024-09-28;Lund;Vuxenutbildning;6
2024-10-01;Lund;Vuxenutbildning;6
2024-10-01;Lund;Årskurs 2;24
2024-10-01;Lund;Årskurs 4;3
2024-10-01;Ystad;Gymnasium;28
2024-10-01;Vellinge;Högskola, universitet;18
2024-10-02;Lund;Vuxenutbildning;6
2024-10-02;Lund;Förskola;27
2024-10-02;Lund;Årskurs 2;26
2024-10-02;Lund;Årskurs 3;27
2024-10-02;Lund;Årskurs 8;28
2024-10-02;Lund;Vuxenutbildning;2
2024-10-03;Lund;Vuxenutbildning;6
2024-10-03;Lund;Årskurs 3;23
2024-10-03;Kristianstad;Vuxenutbildning;24
2024-10-03;Lund;Gymnasium;26
2024-10-03;Lund;Årskurs 3;28
2024-10-03;Svalöv;Vuxenutbildning;14
2024-10-04;Lund;Vuxenutbildning;6
2024-10-04;Lund;Årskurs 2;43
2024-10-05;Lund;Vuxenutbildning;12
2024-10-06;Lund;Vuxenutbildning;12
2024-10-08;Burlöv;Vuxenutbildning;19
2024-10-08;Lund;Årskurs 3;56
2024-10-08;Lund;Förskola;24
2024-10-08;Burlöv;Vuxenutbildning;45
2024-10-08;Lund;Vuxenutbildning;6
2024-10-08;Burlöv;Vuxenutbildning;9
2024-10-09;Lund;Förskola;15
2024-10-09;Lund;Årskurs 3;27
2024-10-09;Lund;Årskurs 3;22
2024-10-09;Övrigt;Gymnasium;14
2024-10-09;Malmö;Årskurs 8;46
2024-10-09;Lund;Högskola, universitet;50
2024-10-09;Lund;Gymnasium;32
2024-10-09;Lund;Vuxenutbildning;6
2024-10-10;Burlöv;Årskurs 6;39
2024-10-10;Lund;Gymnasium;20
2024-10-10;Lund;Vuxenutbildning;6
2024-10-11;Lund;Vuxenutbildning;6
2024-10-11;Burlöv;Vuxenutbildning;3
2024-10-15;Lund;Gymnasium;28
2024-10-15;Åstorp;Årskurs 8;10
2024-10-15;Lund;Vuxenutbildning;6
2024-10-16;Lund;Gymnasium;22
2024-10-16;Lund;Årskurs 3;25
2024-10-16;Lund;Förskoleklass;26
2024-10-16;Lund;Vuxenutbildning;6
2024-10-17;Lund;Årskurs 3;24
2024-10-17;Lund;Årskurs 3;42
2024-10-17;Lund;Vuxenutbildning;6
2024-10-17;Lund;Vuxenutbildning;6
2024-10-18;Lund;Årskurs 3;24
2024-10-18;Lund;Vuxenutbildning;6
2024-10-18;Lund;Årskurs 7;52
2024-10-18;Kristianstad;Högskola, universitet;37
2024-10-18;Lund;Förskola;10
2024-10-18;Lund;Förskola;10
2024-10-22;Lund;Vuxenutbildning;6
2024-10-22;Lund;Vuxenutbildning;6
2024-10-22;Lund;Förskoleklass;20
2024-10-22;Lund;Gymnasium;29
2024-10-22;Lund;Årskurs 7;47
2024-10-23;Lund;Årskurs 7;45
2024-10-23;Lund;Förskola;8
2024-10-23;Lund;Gymnasium;28
2024-10-23;Lund;Gymnasium;1
2024-10-23;Lund;Vuxenutbildning;6
2024-10-24;Lund;Årskurs 1;45
2024-10-24;Lund;Gymnasium;43
2024-10-24;Lund;Vuxenutbildning;6
2024-10-24;Lund;Gymnasium;13
2024-10-25;Malmö;Gymnasium;13
2024-10-25;Malmö;Gymnasium;34
2024-10-25;Lund;Gymnasium;14
2024-10-25;Lund;Gymnasium;1
2024-10-25;Lund;Vuxenutbildning;14
2024-10-25;Lund;Vuxenutbildning;6
2024-10-27;Malmö;Gymnasium;26
2024-10-27;Malmö;Gymnasium;6
2024-10-28;Lund;Årskurs 1;11
2024-10-28;Lund;Vuxenutbildning;6
2024-10-29;Osby;Förskola;19
2024-10-29;Lund;Vuxenutbildning;6
2024-10-30;Lund;Högskola, universitet;1
2024-10-30;Kristianstad;Vuxenutbildning;6
2024-10-30;Lund;Vuxenutbildning;6
2024-11-01;Lund;Vuxenutbildning;6
2024-11-05;Lund;Vuxenutbildning;6
2024-11-05;Lund;Vuxenutbildning;6
2024-11-05;Lund;Årskurs 7;2
2024-11-05;Lund;Årskurs 8;2
2024-11-05;Lund;Högskola, universitet;30
2024-11-05;Lund;Årskurs 3;2
2024-11-06;Lund;Vuxenutbildning;6
2024-11-06;Lund;Gymnasium;22
2024-11-07;Lund;Årskurs 1;49
2024-11-07;Lund;Vuxenutbildning;5
2024-11-07;Bjuv;Förskoleklass;1
2024-11-07;Lund;Vuxenutbildning;6
2024-11-08;Lund;Årskurs 2;8
2024-11-08;Malmö;Årskurs 2;10
2024-11-08;Malmö;Årskurs 5;7
2024-11-08;Malmö;Årskurs 8;12
2024-11-08;Lund;Vuxenutbildning;6
2024-11-08;Lund;Högskola, universitet;11
2024-11-08;Lund;Högskola, universitet;1
2024-11-09;Lund;Vuxenutbildning;6
2024-11-12;Lund;Förskola;8
2024-11-12;Staffanstorp;Årskurs 7;20
2024-11-12;Staffanstorp;Årskurs 8;20
2024-11-12;Kristianstad;Högskola, universitet;40
2024-11-12;Lund;Årskurs 4;9
2024-11-12;Lund;Högskola, universitet;7
2024-11-12;Lund;Vuxenutbildning;6
2024-11-12;Lund;Vuxenutbildning;6
2024-11-12;Lund;Högskola, universitet;7
2024-11-13;Lund;Förskola;23
2024-11-13;Lund;Årskurs 4;29
2024-11-13;Kävlinge;Förskola;24
2024-11-13;Lomma;Årskurs 6;13
2024-11-13;Lund;Högskola, universitet;24
2024-11-13;Lund;Gymnasium;18
2024-11-13;Lund;Vuxenutbildning;6
2024-11-14;Lund;Förskola;21
2024-11-14;Lund;Vuxenutbildning;6
2024-11-14;Lund;Årskurs 4;9
2024-11-15;Lund;Vuxenutbildning;6
2024-11-15;Lund;Gymnasium;20
2024-11-15;Lund;Vuxenutbildning;10
2024-11-15;Övrigt;Vuxenutbildning;8
2024-11-19;Lund;Vuxenutbildning;44
2024-11-19;Lund;Årskurs 2;61
2024-11-19;Lund;Vuxenutbildning;12
2024-11-19;Malmö;Årskurs 5;17
2024-11-19;Malmö;Årskurs 5;17
2024-11-19;Eslöv;Vuxenutbildning;12
2024-11-19;Lund;Vuxenutbildning;16
2024-11-20;Malmö;Årskurs 5;18
2024-11-20;Malmö;Högskola, universitet;5
2024-11-20;Lund;Gymnasium;4
2024-11-20;Lund;Årskurs 9;1
2024-11-20;Lund;Gymnasium;1
2024-11-20;Lund;Årskurs 2;36
2024-11-20;Lund;Vuxenutbildning;6
2024-11-20;Lund;Gymnasium;22
2024-11-20;Lund;Vuxenutbildning;6
2024-11-21;Lund;Förskoleklass;9
2024-11-21;Lund;Vuxenutbildning;6
2024-11-21;Övrigt;Högskola, universitet;10
2024-11-21;Lund;Vuxenutbildning;6
2024-11-22;Lund;Gymnasium;8
2024-11-22;Malmö;Gymnasium;40
2024-11-22;Lund;Vuxenutbildning;6
2024-11-22;Malmö;Förskola;40
2024-11-22;Lund;Gymnasium;15
2024-11-26;Lund;Gymnasium;12
2024-11-26;Lund;Högskola, universitet;20
2024-11-26;Lund;Vuxenutbildning;6
2024-11-27;Lund;Årskurs 4;20
2024-11-27;Lund;Gymnasium;1
2024-11-27;Lund;Vuxenutbildning;6
2024-11-27;Lund;Högskola, universitet;9
2024-11-27;Lund;Gymnasium;25
2024-11-28;Kävlinge;Förskoleklass;24
2024-11-28;Kävlinge;Årskurs 1;26
2024-11-28;Lund;Högskola, universitet;2
2024-11-28;Lund;Vuxenutbildning;6
2024-11-28;Kävlinge;Årskurs 6;22
2024-12-03;Kävlinge;Förskoleklass;26
2024-12-03;Kävlinge;Årskurs 1;27
2024-12-03;Kävlinge;Årskurs 2;26
2024-12-03;Burlöv;Gymnasium;12
2024-12-03;Eslöv;Årskurs 6;13
2024-12-03;Lund;Vuxenutbildning;6
2024-12-04;Lund;Förskola;23
2024-12-04;Höör;Årskurs 3;53
2024-12-04;Lund;Årskurs 5;17
2024-12-04;Lund;Årskurs 5;16
2024-12-04;Lund;Förskoleklass;43
2024-12-05;Lund;Årskurs 3;72
2024-12-05;Lund;Årskurs 1;42
2024-12-06;Höör;Årskurs 3;18
2024-12-06;Lund;Förskoleklass;19
2024-12-06;Lund;Årskurs 1;18
2024-12-06;Lund;Årskurs 2;18
2024-12-07;Lund;Vuxenutbildning;6
2024-12-07;Lund;Förskola;1
2024-12-10;Höör;Årskurs 3;51
2024-12-10;Lund;Årskurs 7;27
2024-12-11;Lund;Årskurs 2;27
2024-12-11;Eslöv;Årskurs 2;35
2024-12-11;Lund;Vuxenutbildning;9
2024-12-12;Lund;Årskurs 2;25
2024-12-12;Höör;Årskurs 3;50
2024-12-12;Lund;Högskola, universitet;19
2024-12-12;Staffanstorp;Vuxenutbildning;18
2024-12-12;Lund;Högskola, universitet;9
2024-12-12;Kristianstad;Vuxenutbildning;21
2024-12-12;Lund;Gymnasium;27
2024-12-13;Lund;Gymnasium;23
2024-12-13;Lund;Gymnasium;28
2024-12-17;Lund;Gymnasium;25
2024-12-17;Lund;Gymnasium;13
2024-12-17;Lund;Årskurs 2;23
2024-12-17;Lund;Årskurs 1;54
2024-12-17;Lund;Gymnasium;20
2024-12-17;Lund;Gymnasium;40
2024-12-17;Kristianstad;Vuxenutbildning;5
2024-12-17;Lund;Vuxenutbildning;9
2024-12-17;Lund;Vuxenutbildning;1
2024-12-18;Lund;Årskurs 2;13
2024-12-18;Lund;Årskurs 2;12
2024-12-18;Lund;Årskurs 3;13
2024-12-18;Malmö;Gymnasium;18
2024-12-19;Lund;Förskola;23
2024-12-19;Simrishamn;Årskurs 8;22
2024-12-19;Lund;Högskola, universitet;42
2024-12-20;Bjuv;Årskurs 7;9
2024-12-23;Lund;Förskola;13
2024-12-27;Lund;Förskoleklass;1
2025-01-14;Lund;Förskola;22
2025-01-15;Lund;Förskola;13
2025-01-15;Lund;Förskola;23
2025-01-15;Malmö;Vuxenutbildning;8
2025-01-15;Burlöv;Vuxenutbildning;11
2025-01-15;Lund;Gymnasium;21
2025-01-16;Lund;Årskurs 7;10
2025-01-17;Lund;Årskurs 2;23
2025-01-21;Lund;Gymnasium;22
2025-01-21;Malmö;Högskola, universitet;31
2025-01-23;Malmö;Gymnasium;30
2025-01-24;Lund;Årskurs 1;22
2025-01-24;Lund;Årskurs 2;19
2025-01-24;Lund;Årskurs 9;58
2025-01-24;Burlöv;Vuxenutbildning;4
2025-01-24;Lund;Gymnasium;33
2025-01-27;Lund;Vuxenutbildning;6
2025-01-27;Lund;Högskola, universitet;24
2025-01-27;Lund;Högskola, universitet;1
2025-01-28;Lomma;Årskurs 9;42
2025-01-28;Lund;Högskola, universitet;4
2025-01-29;Lomma;Årskurs 9;45
2025-01-29;Malmö;Vuxenutbildning;25
2025-01-29;Övrigt;Vuxenutbildning;15
2025-01-29;Malmö;Vuxenutbildning;20
2025-01-29;Lund;Årskurs 5;19
2025-01-30;Lund;Årskurs 5;10
2025-01-30;Lund;Högskola, universitet;25
2025-01-30;Lund;Förskola;2
2025-01-31;Lund;Förskola;16
2025-01-31;Lund;Högskola, universitet;10
2025-01-31;Lund;Högskola, universitet;2
2025-02-02;Lund;Vuxenutbildning;12
2025-02-04;Lomma;Årskurs 9;23
2025-02-04;Lund;Vuxenutbildning;6
2025-02-04;Lund;Vuxenutbildning;6
2025-02-04;Höör;Vuxenutbildning;12
2025-02-04;Höör;Vuxenutbildning;1
2025-02-05;Lomma;Årskurs 9;51
2025-02-05;Lund;Vuxenutbildning;6
2025-02-06;Lund;Vuxenutbildning;6
2025-02-06;Lomma;Årskurs 9;46
2025-02-07;Lomma;Årskurs 9;45
2025-02-07;Lund;Vuxenutbildning;6
2025-02-08;Lund;Årskurs 8;29
2025-02-08;Övrigt;Högskola, universitet;12
2025-02-09;Övrigt;Gymnasium;20
2025-02-11;Lund;Vuxenutbildning;6
2025-02-11;Lomma;Årskurs 9;40
2025-02-12;Lund;Vuxenutbildning;6
2025-02-12;Malmö;Vuxenutbildning;26
2025-02-12;Lomma;Årskurs 9;35
2025-02-13;Lomma;Årskurs 9;49
2025-02-13;Lund;Vuxenutbildning;6
2025-02-13;Lund;Högskola, universitet;25
2025-02-13;Malmö;Förskola;23
2025-02-13;Lund;Vuxenutbildning;6
2025-02-14;Lomma;Årskurs 9;18
2025-02-14;Lund;Högskola, universitet;3
2025-02-14;Lund;Gymnasium;17
2025-02-17;Lund;Vuxenutbildning;6
2025-02-18;Lund;Vuxenutbildning;6
2025-02-19;Lund;Årskurs 2;28
2025-02-20;Lund;Årskurs 3;15
2025-02-20;Lund;Högskola, universitet;2
2025-02-21;Malmö;Årskurs 4;11
2025-02-25;Lund;Årskurs 3;22
2025-02-25;Lund;Gymnasium;18
2025-02-25;Lund;Årskurs 3;21
2025-02-25;Lund;Vuxenutbildning;6
2025-02-26;Lund;Vuxenutbildning;6
2025-02-26;Lund;Årskurs 3;19
2025-02-26;Simrishamn;Gymnasium;17
2025-02-26;Lund;Årskurs 4;27
2025-02-26;Malmö;Gymnasium;15
2025-02-26;Lund;Årskurs 5;24
2025-02-27;Lund;Förskola;27
2025-02-27;Lund;Vuxenutbildning;6
2025-02-27;Lund;Gymnasium;26
2025-02-28;Lund;Högskola, universitet;1
2025-03-01;Lund;Vuxenutbildning;6
2025-03-04;Staffanstorp;Årskurs 9;21
2025-03-04;Lund;Vuxenutbildning;6
2025-03-04;Lund;Årskurs 3;25
2025-03-04;Lund;Gymnasium;28
2025-03-04;Malmö;Förskola;29
2025-03-04;Lund;Årskurs 3;26
2025-03-04;Lund;Vuxenutbildning;6
2025-03-05;Lomma;Årskurs 9;20
2025-03-05;Malmö;Förskola;34
2025-03-05;Lund;Vuxenutbildning;6
2025-03-05;Lund;Högskola, universitet;2
2025-03-06;Lund;Årskurs 3;50
2025-03-06;Lund;Förskoleklass;27
2025-03-06;Lomma;Årskurs 8;23
2025-03-07;Lund;Vuxenutbildning;17
2025-03-07;Lund;Årskurs 7;26
2025-03-11;Lund;Förskola;22
2025-03-11;Lund;Vuxenutbildning;6
2025-03-11;Lund;Högskola, universitet;19
2025-03-11;Lund;Vuxenutbildning;6
2025-03-11;Lund;Vuxenutbildning;6
2025-03-11;Övrigt;Högskola, universitet;20
2025-03-11;Malmö;Gymnasium;19
2025-03-12;Lund;Årskurs 8;47
2025-03-12;Lund;Vuxenutbildning;6
2025-03-13;Lund;Årskurs 2;28
2025-03-13;Lund;Vuxenutbildning;6
2025-03-14;Staffanstorp;Årskurs 2;86
2025-03-14;Lund;Högskola, universitet;19
2025-03-14;Lund;Högskola, universitet;1
2025-03-18;Lund;Vuxenutbildning;6
2025-03-18;Lund;Årskurs 3;28
2025-03-18;Lund;Vuxenutbildning;6
2025-03-19;Lund;Årskurs 3;26
2025-03-19;Lund;Förskola;11
2025-03-19;Svedala;Förskola;18
2025-03-19;Lund;Årskurs 3;26
2025-03-19;Lund;Vuxenutbildning;6
2025-03-20;Lund;Förskola;13
2025-03-20;Lund;Förskola;13
2025-03-20;Lund;Förskola;1
2025-03-20;Svedala;Förskola;19
2025-03-20;Lund;Gymnasium;32
2025-03-20;Lund;Vuxenutbildning;21
2025-03-20;Lund;Vuxenutbildning;6
2025-03-25;Höör;Årskurs 7;48
2025-03-25;Lund;Förskola;22
2025-03-25;Lund;Vuxenutbildning;6
2025-03-26;Lund;Vuxenutbildning;6
2025-03-26;Lund;Vuxenutbildning;6
2025-03-26;Staffanstorp;Årskurs 9;23
2025-03-26;Lund;Årskurs 3;54
2025-03-26;Lund;Vuxenutbildning;6
2025-03-27;Lund;Vuxenutbildning;6
2025-03-27;Höör;Förskola;22
2025-03-27;Svedala;Förskola;18
2025-03-27;Landskrona;Gymnasium;49
2025-03-28;Lund;Årskurs 3;31
2025-03-28;Lund;Gymnasium;22
2025-03-29;Lund;Vuxenutbildning;6
2025-04-01;Lund;Årskurs 9;25
2025-04-01;Lund;Vuxenutbildning;6
2025-04-01;Lund;Årskurs 3;19
2025-04-01;Lund;Årskurs 3;24
2025-04-01;Simrishamn;Gymnasium;14
2025-04-01;Lund;Vuxenutbildning;6
2025-04-01;Lund;Högskola, universitet;8
2025-04-02;Lund;Årskurs 3;25
2025-04-02;Lund;Förskola;25
2025-04-02;Lund;Årskurs 3;25
2025-04-02;Lund;Vuxenutbildning;6
2025-04-02;Kristianstad;Vuxenutbildning;28
2025-04-03;Lund;Förskola;14
2025-04-03;Malmö;Årskurs 4;27
2025-04-03;Malmö;Gymnasium;24
2025-04-03;Lund;Årskurs 9;61
2025-04-03;Lund;Vuxenutbildning;18
2025-04-05;Lund;Förskola;1
2025-04-07;Staffanstorp;Årskurs 9;25
2025-04-08;Malmö;Förskola;13
2025-04-08;Lund;Vuxenutbildning;6
2025-04-08;Lund;Förskoleklass;9
2025-04-08;Lund;Vuxenutbildning;3
2025-04-09;Lund;Gymnasium;20
2025-04-09;Burlöv;Förskoleklass;24
2025-04-09;Trelleborg;Årskurs 1;19
2025-04-09;Övrigt;Gymnasium;25
2025-04-09;Lund;Vuxenutbildning;6
2025-04-10;Lund;Högskola, universitet;310
2025-04-10;Lund;Vuxenutbildning;6
2025-04-11;Övrigt;Gymnasium;100
2025-04-14;Lund;Vuxenutbildning;1
2025-04-14;Lund;Vuxenutbildning;5
2025-04-15;Lund;Årskurs 1;8
2025-04-15;Lund;Vuxenutbildning;6
2025-04-16;Lund;Förskola;17
2025-04-16;Lund;Högskola, universitet;18
2025-04-16;Eslöv;Vuxenutbildning;11
2025-04-16;Lund;Vuxenutbildning;6
2025-04-17;Lund;Vuxenutbildning;15
2025-04-18;Lund;Årskurs 1;13
2025-04-22;Lund;Vuxenutbildning;6
2025-04-23;Lund;Förskola;18
2025-04-23;Lund;Högskola, universitet;20
2025-04-23;Ängelholm;Årskurs 4;16
2025-04-23;Staffanstorp;Förskola;18
2025-04-23;Övrigt;Årskurs 8;57
2025-04-23;Malmö;Årskurs 6;28
2025-04-23;Malmö;Vuxenutbildning;19
2025-04-23;Lund;Vuxenutbildning;6
2025-04-24;Malmö;Årskurs 6;23
2025-04-24;Lund;Vuxenutbildning;6
2025-04-24;Simrishamn;Årskurs 6;17
2025-04-25;Lund;Gymnasium;15
2025-04-29;Lund;Förskola;27
2025-04-29;Lund;Gymnasium;28
2025-04-29;Lund;Vuxenutbildning;6
2025-04-29;Lund;Gymnasium;25
2025-04-29;Lund;Vuxenutbildning;7
2025-04-29;Malmö;Högskola, universitet;27
2025-04-30;Lomma;Årskurs 6;15
2025-04-30;Lund;Förskola;22
2025-05-02;Malmö;Årskurs 8;10
2025-05-05;Lund;Förskola;16
2025-05-05;Staffanstorp;Årskurs 9;21
2025-05-06;Svedala;Förskola;17
2025-05-06;Lund;Årskurs 3;50
2025-05-06;Lund;Högskola, universitet;7
2025-05-06;Lund;Högskola, universitet;10
2025-05-06;Lund;Årskurs 4;24
2025-05-06;Lund;Högskola, universitet;6
2025-05-06;Lund;Vuxenutbildning;6
2025-05-07;Staffanstorp;Förskola;17
2025-05-07;Malmö;Förskola;25
2025-05-07;Lund;Förskola;1
2025-05-07;Lund;Förskola;9
2025-05-07;Malmö;Gymnasium;34
2025-05-07;Lund;Vuxenutbildning;6
2025-05-08;Lund;Vuxenutbildning;6
2025-05-08;Höör;Förskoleklass;17
2025-05-08;Vellinge;Vuxenutbildning;20
2025-05-08;Vellinge;Årskurs 5;12
2025-05-08;Vellinge;Vuxenutbildning;27
2025-05-08;Övrigt;Gymnasium;10
2025-05-08;Lund;Högskola, universitet;30
2025-05-08;Lund;Årskurs 9;20
2025-05-08;Övrigt;Gymnasium;13
2025-05-09;Lund;Gymnasium;24
2025-05-09;Övrigt;Vuxenutbildning;10
2025-05-13;Lund;Gymnasium;32
2025-05-13;Lund;Förskola;12
2025-05-13;Lund;Årskurs 1;4
2025-05-13;Lund;Årskurs 2;5
2025-05-13;Lund;Årskurs 3;5
2025-05-13;Malmö;Förskola;34
2025-05-13;Lund;Gymnasium;30
2025-05-13;Malmö;Gymnasium;40
2025-05-13;Lund;Vuxenutbildning;6
2025-05-14;Lund;Årskurs 5;30
2025-05-14;Malmö;Gymnasium;20
2025-05-14;Malmö;Årskurs 2;27
2025-05-14;Lund;Årskurs 1;25
2025-05-14;Lund;Vuxenutbildning;10
2025-05-14;Staffanstorp;Årskurs 1;59
2025-05-14;Hässleholm;Årskurs 3;25
2025-05-14;Lund;Högskola, universitet;1
2025-05-15;Lund;Årskurs 1;23
2025-05-15;Eslöv;Årskurs 3;25
2025-05-15;Lund;Gymnasium;4
2025-05-15;Eslöv;Årskurs 3;24
2025-05-15;Lund;Högskola, universitet;6
2025-05-15;Lund;Vuxenutbildning;6
2025-05-15;Svedala;Gymnasium;18
2025-05-15;Övrigt;Gymnasium;29
2025-05-15;Övrigt;Gymnasium;34
2025-05-16;Lund;Förskola;26
2025-05-16;Lund;Gymnasium;16
2025-05-16;Malmö;Förskoleklass;39
2025-05-16;Lund;Gymnasium;32
2025-05-16;Lund;Årskurs 1;54
2025-05-16;Lund;Årskurs 8;38
2025-05-17;Övrigt;Årskurs 4;22
2025-05-18;Övrigt;Årskurs 4;22
2025-05-19;Staffanstorp;Årskurs 7;27
2025-05-19;Höör;Årskurs 3;24
2025-05-19;Kävlinge;Förskola;7
2025-05-19;Lund;Årskurs 1;26
2025-05-19;Lund;Gymnasium;28
2025-05-20;Eslöv;Vuxenutbildning;13
2025-05-20;Övrigt;Vuxenutbildning;5
2025-05-20;Malmö;Förskola;14
2025-05-20;Lund;Gymnasium;23
2025-05-20;Eslöv;Gymnasium;24
2025-05-20;Lomma;Årskurs 3;24
2025-05-20;Lund;Gymnasium;22
2025-05-20;Eslöv;Årskurs 1;31
2025-05-20;Lund;Gymnasium;1
2025-05-21;Höör;Årskurs 3;14
2025-05-21;Kävlinge;Förskola;18
2025-05-21;Lund;Årskurs 1;20
2025-05-21;Eslöv;Årskurs 7;35
2025-05-21;Lund;Årskurs 1;25
2025-05-21;Eslöv;Årskurs 1;25
2025-05-21;Ängelholm;Vuxenutbildning;22
2025-05-22;Lund;Förskoleklass;26
2025-05-22;Malmö;Förskola;10
2025-05-22;Lund;Förskoleklass;4
2025-05-22;Lund;Årskurs 1;35
2025-05-22;Kristianstad;Gymnasium;32
2025-05-23;Lund;Gymnasium;27
2025-05-23;Lund;Förskoleklass;28
2025-05-23;Lund;Förskola;24
2025-05-23;Hässleholm;Förskola;17
2025-05-27;Lund;Förskola;13
2025-05-27;Höganäs;Årskurs 3;56
2025-05-27;Lund;Förskola;23
2025-05-27;Malmö;Årskurs 3;4
2025-05-27;Kävlinge;Årskurs 6;18
2025-05-27;Kristianstad;Årskurs 3;24
2025-05-27;Trelleborg;Gymnasium;15
2025-05-28;Kävlinge;Årskurs 1;21
2025-05-28;Eslöv;Förskola;14
2025-05-28;Vellinge;Vuxenutbildning;15
2025-05-28;Kristianstad;Gymnasium;28
2025-05-28;Malmö;Förskoleklass;18
2025-05-28;Kristianstad;Årskurs 3;57
2025-05-28;Malmö;Årskurs 4;81
2025-05-29;Övrigt;Årskurs 5;70
2025-05-29;Övrigt;Årskurs 7;69
2025-05-30;Bjuv;Förskoleklass;15
2025-06-02;Lund;Gymnasium;13
2025-06-02;Lund;Gymnasium;16
2025-06-03;Trelleborg;Förskola;30
2025-06-03;Lund;Gymnasium;11
2025-06-03;Övrigt;Årskurs 9;22
2025-06-04;Lund;Förskola;21
2025-06-04;Lund;Gymnasium;9
2025-06-04;Malmö;Vuxenutbildning;13
2025-06-05;Eslöv;Gymnasium;15
2025-06-05;Eslöv;Gymnasium;15
2025-06-05;Eslöv;Gymnasium;11
2025-06-05;Lund;Årskurs 7;25
2025-06-05;Lund;Årskurs 2;10
2025-06-05;Lund;Årskurs 3;12
2025-06-08;Malmö;Årskurs 8;37
2025-06-08;Lund;Högskola, universitet;1
2025-06-09;Lund;Förskola;13
2025-06-09;Lund;Årskurs 9;42
2025-06-09;Lund;Årskurs 2;22
2025-06-10;Lund;Årskurs 1;26
2025-06-10;Malmö;Gymnasium;13
2025-06-10;Övrigt;Gymnasium;44
2025-06-10;Lund;Årskurs 5;30
2025-06-11;Lund;Årskurs 7;16
2025-06-11;Lund;Årskurs 7;33
2025-06-11;Kävlinge;Årskurs 8;10
2025-06-11;Lund;Gymnasium;19
2025-06-11;Lund;Årskurs 5;21
2025-06-11;Staffanstorp;Årskurs 3;69
2025-06-12;Lund;Gymnasium;8
2025-06-12;Lund;Förskola;18
2025-06-12;Trelleborg;Årskurs 9;86
2025-06-12;Lund;Årskurs 8;6
2025-06-12;Lund;Årskurs 5;22
2025-06-12;Lund;Högskola, universitet;25
2025-06-13;Lund;Förskola;14
2025-06-16;Lund;Årskurs 1;24
2025-06-16;Lund;Årskurs 3;15
2025-06-18;Lomma;Vuxenutbildning;55
2025-06-24;Staffanstorp;Årskurs 5;3
2025-06-24;Lund;Årskurs 1;10
2025-06-24;Malmö;Vuxenutbildning;20
2025-06-26;Lund;Förskola;14
2025-06-26;Malmö;Förskola;8
2025-06-27;Lund;Förskola;9
2025-07-01;Lund;Förskola;11
2025-07-04;Lund;Årskurs 1;7
2025-07-08;Lund;Vuxenutbildning;32
2025-07-08;Lund;Årskurs 4;3
2025-07-10;Lund;Årskurs 1;2
2025-07-10;Lund;Årskurs 2;2
2025-07-10;Lund;Årskurs 3;2
2025-07-10;Lund;Årskurs 4;2
2025-07-10;Lund;Årskurs 5;2
2025-07-10;Lund;Årskurs 6;2
2025-07-10;Lund;Förskoleklass;23
2025-07-14;Övrigt;Högskola, universitet;20
2025-07-15;Malmö;Årskurs 6;4
2025-07-15;Staffanstorp;Årskurs 3;29
2025-07-16;Staffanstorp;Årskurs 4;17
2025-07-24;Lund;Förskola;13
2025-07-25;Lund;Förskola;17
2025-07-28;Lund;Vuxenutbildning;53
2025-07-30;Bjuv;Årskurs 1;18
2025-07-30;Lund;Förskola;3
2025-07-30;Lund;Förskoleklass;13
2025-07-31;Malmö;Vuxenutbildning;35
2025-08-06;Lund;Årskurs 2;6
2025-08-06;Lund;Årskurs 5;6
2025-08-07;Lund;Årskurs 2;7
2025-08-12;Lund;Förskola;14
2025-08-12;Malmö;Vuxenutbildning;7
2025-08-15;Kävlinge;Årskurs 7;30
2025-08-15;Kävlinge;Årskurs 9;30
2025-08-19;Lund;Förskola;20
2025-08-20;Lund;Årskurs 9;9
2025-08-20;Lund;Gymnasium;24
2025-08-20;Lund;Gymnasium;65
2025-08-21;Lund;Gymnasium;32
2025-08-21;Lund;Förskola;25
2025-08-22;Malmö;Gymnasium;33
2025-08-23;Lund;Förskola;1
2025-08-25;Lund;Gymnasium;32
2025-08-25;Lund;Vuxenutbildning;11
2025-08-26;Lund;Förskola;13
2025-08-26;Lund;Vuxenutbildning;6
2025-08-26;Lund;Vuxenutbildning;25
2025-08-27;Lund;Gymnasium;18
2025-08-27;Lund;Gymnasium;21
2025-08-27;Lund;Förskoleklass;21
2025-08-28;Malmö;Förskola;20
2025-09-02;Lund;Årskurs 8;34
2025-09-02;Lund;Vuxenutbildning;6
2025-09-02;Lund;Årskurs 8;29
2025-09-02;Lund;Vuxenutbildning;6
2025-09-03;Övrigt;Gymnasium;50
2025-09-03;Lund;Årskurs 5;43
2025-09-04;Lund;Årskurs 6;32
2025-09-04;Lund;Årskurs 8;32
2025-09-04;Malmö;Förskola;20
2025-09-04;Lund;Högskola, universitet;3
2025-09-04;Lund;Gymnasium;9
2025-09-05;Malmö;Vuxenutbildning;25
2025-09-08;Lund;Vuxenutbildning;6
2025-09-09;Lund;Förskola;14
2025-09-09;Övrigt;Vuxenutbildning;12
2025-09-09;Lund;Högskola, universitet;15
2025-09-09;Lund;Gymnasium;32
2025-09-09;Lund;Vuxenutbildning;6
2025-09-10;Lund;Högskola, universitet;4
2025-09-10;Lund;Vuxenutbildning;6
2025-09-10;Malmö;Gymnasium;22
2025-09-11;Lund;Vuxenutbildning;12
2025-09-12;Övrigt;Vuxenutbildning;21
2025-09-12;Lund;Vuxenutbildning;6
2025-09-14;Lund;Vuxenutbildning;6
2025-09-14;Lund;Vuxenutbildning;6
2025-09-16;Staffanstorp;Årskurs 9;18
2025-09-16;Lund;Vuxenutbildning;6
2025-09-16;Lund;Förskola;13
2025-09-16;Lund;Gymnasium;19
2025-09-16;Lund;Förskola;15
2025-09-16;Övrigt;Gymnasium;15
2025-09-16;Malmö;Förskola;10
2025-09-16;Lund;Vuxenutbildning;6
2025-09-17;Lund;Vuxenutbildning;6
2025-09-17;Malmö;Förskola;19
2025-09-17;Lund;Årskurs 8;27
2025-09-17;Lund;Årskurs 8;29
2025-09-17;Lund;Gymnasium;18
2025-09-17;Lund;Gymnasium;2
2025-09-18;Lund;Gymnasium;18
2025-09-18;Malmö;Vuxenutbildning;15
2025-09-18;Lund;Gymnasium;16
2025-09-18;Lund;Vuxenutbildning;21
2025-09-18;Ängelholm;Vuxenutbildning;32
2025-09-18;Lund;Vuxenutbildning;2
2025-09-18;Lund;Gymnasium;30
2025-09-18;Lund;Vuxenutbildning;6
2025-09-18;Lund;Vuxenutbildning;6
2025-09-19;Lund;Årskurs 4;30
2025-09-19;Lund;Vuxenutbildning;6
2025-09-19;Lund;Gymnasium;2
2025-09-23;Staffanstorp;Årskurs 9;23
2025-09-23;Malmö;Gymnasium;7
2025-09-23;Lund;Vuxenutbildning;6
2025-09-23;Lund;Årskurs 3;29
2025-09-23;Lund;Årskurs 3;27
2025-09-23;Lund;Vuxenutbildning;6
2025-09-23;Lund;Gymnasium;34
2025-09-23;Lund;Gymnasium;4
2025-09-24;Lund;Årskurs 3;30
2025-09-24;Lund;Årskurs 3;28
2025-09-24;Lund;Gymnasium;25
2025-09-24;Lund;Vuxenutbildning;6
2025-09-25;Lund;Årskurs 4;3
2025-09-25;Lund;Gymnasium;47
2025-09-25;Lund;Vuxenutbildning;6
2025-09-26;Lund;Högskola, universitet;18
2025-09-30;Staffanstorp;Årskurs 9;28
2025-09-30;Lund;Vuxenutbildning;6
2025-09-30;Lund;Högskola, universitet;59
2025-09-30;Lund;Vuxenutbildning;6
2025-09-30;Lund;Årskurs 3;28
2025-09-30;Lund;Årskurs 3;27
2025-09-30;Lund;Förskola;15
2025-09-30;Ystad;Gymnasium;35
2025-09-30;Lund;Högskola, universitet;20
2025-10-01;Lund;Årskurs 3;24
2025-10-01;Lund;Vuxenutbildning;6
2025-10-01;Lund;Årskurs 3;26
2025-10-01;Lund;Gymnasium;29
2025-10-02;Malmö;Årskurs 8;22
2025-10-02;Lund;Årskurs 3;17
2025-10-02;Lund;Årskurs 5;101
2025-10-02;Lund;Årskurs 5;3
2025-10-02;Lund;Vuxenutbildning;6
2025-10-02;Lund;Gymnasium;8
2025-10-02;Malmö;Årskurs 8;25
2025-10-03;Lund;Årskurs 3;24
2025-10-03;Lund;Årskurs 3;29
2025-10-04;Lund;Vuxenutbildning;6
2025-10-06;Lund;Vuxenutbildning;6
2025-10-06;Staffanstorp;Årskurs 9;24
2025-10-07;Lund;Årskurs 5;4
2025-10-07;Lund;Årskurs 3;40
2025-10-07;Lund;Vuxenutbildning;6
2025-10-07;Lomma;Årskurs 6;5
2025-10-08;Lund;Årskurs 3;33
2025-10-08;Lund;Årskurs 3;21
2025-10-08;Lund;Vuxenutbildning;6
2025-10-08;Lund;Högskola, universitet;37
2025-10-09;Lund;Förskoleklass;21
2025-10-09;Simrishamn;Årskurs 8;12
2025-10-09;Lund;Gymnasium;29
2025-10-09;Lund;Vuxenutbildning;6
2025-10-10;Lund;Årskurs 3;38
2025-10-10;Lund;Förskola;12
2025-10-10;Kävlinge;Årskurs 3;19
2025-10-14;Lund;Gymnasium;23
2025-10-14;Lund;Vuxenutbildning;6
2025-10-14;Lund;Vuxenutbildning;6
2025-10-14;Lund;Årskurs 3;55
2025-10-14;Lund;Förskola;15
2025-10-14;Kristianstad;Högskola, universitet;36
2025-10-14;Malmö;Förskola;28
2025-10-14;Helsingborg;Årskurs 5;24
2025-10-14;Kristianstad;Vuxenutbildning;27
2025-10-15;Lund;Årskurs 3;27
2025-10-15;Lund;Årskurs 3;26
2025-10-15;Lund;Vuxenutbildning;6
2025-10-15;Lund;Gymnasium;30
2025-10-16;Lund;Årskurs 3;25
2025-10-16;Lund;Gymnasium;24
2025-10-16;Lund;Årskurs 3;28
2025-10-16;Malmö;Årskurs 9;30
2025-10-16;Lund;Gymnasium;21
2025-10-16;Lund;Vuxenutbildning;1
2025-10-16;Lund;Vuxenutbildning;5
2025-10-17;Burlöv;Vuxenutbildning;12
2025-10-17;Lund;Gymnasium;29
2025-10-21;Lund;Vuxenutbildning;6
2025-10-21;Lund;Vuxenutbildning;6
2025-10-21;Staffanstorp;Årskurs 9;20
2025-10-22;Lund;Årskurs 3;29
2025-10-22;Malmö;Vuxenutbildning;7
2025-10-22;Lund;Vuxenutbildning;6
2025-10-22;Lund;Årskurs 3;30
2025-10-22;Helsingborg;Årskurs 7;52
2025-10-22;Lund;Gymnasium;6
2025-10-23;Kävlinge;Årskurs 9;10
2025-10-23;Lund;Vuxenutbildning;6
2025-10-23;Malmö;Förskola;13
2025-10-23;Övrigt;Vuxenutbildning;30
2025-10-23;Lund;Gymnasium;2
2025-10-24;Kävlinge;Vuxenutbildning;20
2025-10-24;Lund;Gymnasium;33
2025-10-24;Lund;Gymnasium;10
2025-10-27;Lund;Förskoleklass;9
2025-10-27;Lund;Vuxenutbildning;6
2025-10-28;Lund;Årskurs 2;12
2025-10-28;Lund;Årskurs 3;13
2025-10-28;Lund;Årskurs 2;1
2025-10-28;Lund;Årskurs 4;3
2025-10-28;Lund;Årskurs 2;15
2025-10-28;Lund;Årskurs 3;16
2025-10-28;Lund;Vuxenutbildning;6
2025-10-29;Lund;Förskola;6
2025-10-29;Lund;Vuxenutbildning;6
2025-10-30;Lund;Vuxenutbildning;6
2025-10-30;Lund;Årskurs 2;15
2025-10-30;Lund;Vuxenutbildning;2
2025-11-04;Lund;Vuxenutbildning;6
2025-11-04;Lund;Vuxenutbildning;6
2025-11-04;Ystad;Gymnasium;19
2025-11-05;Lund;Förskola;12
2025-11-05;Lund;Förskola;8
2025-11-05;Lund;Vuxenutbildning;6
2025-11-05;Eslöv;Gymnasium;25
2025-11-05;Båstad;Gymnasium;17
2025-11-05;Lund;Högskola, universitet;12
2025-11-06;Lund;Gymnasium;8
2025-11-06;Lund;Vuxenutbildning;6
2025-11-07;Malmö;Gymnasium;32
2025-11-11;Lund;Vuxenutbildning;6
2025-11-11;Lund;Vuxenutbildning;6
2025-11-11;Helsingborg;Förskola;22
2025-11-11;Lund;Vuxenutbildning;10
2025-11-11;Lund;Högskola, universitet;6
2025-11-11;Lund;Högskola, universitet;19
2025-11-12;Lund;Vuxenutbildning;6
2025-11-12;Lund;Förskola;13
2025-11-12;Skurup;Vuxenutbildning;28
2025-11-12;Ystad;Gymnasium;14
2025-11-12;Övrigt;Gymnasium;22
2025-11-12;Lund;Gymnasium;26
2025-11-13;Lund;Gymnasium;11
2025-11-13;Lund;Vuxenutbildning;6
2025-11-13;Lund;Vuxenutbildning;2
2025-11-14;Lund;Gymnasium;29
2025-11-14;Lund;Gymnasium;30
2025-11-14;Lund;Förskoleklass;15
2025-11-14;Lund;Gymnasium;1
2025-11-14;Lund;Gymnasium;18
2025-11-18;Lund;Vuxenutbildning;6
2025-11-18;Lund;Vuxenutbildning;6
2025-11-18;Lund;Årskurs 5;10
2025-11-18;Lund;Gymnasium;23
2025-11-18;Lund;Förskoleklass;43
2025-11-18;Lund;Gymnasium;2
2025-11-19;Lund;Förskola;24
2025-11-19;Lund;Vuxenutbildning;6
2025-11-19;Lund;Högskola, universitet;9
2025-11-19;Helsingborg;Gymnasium;28
2025-11-19;Malmö;Vuxenutbildning;20
2025-11-19;Helsingborg;Gymnasium;31
2025-11-19;Helsingborg;Gymnasium;23
2025-11-19;Lund;Årskurs 3;12
2025-11-19;Övrigt;Vuxenutbildning;10
2025-11-20;Malmö;Förskoleklass;10
2025-11-20;Malmö;Årskurs 3;10
2025-11-20;Malmö;Årskurs 5;8
2025-11-20;Svalöv;Vuxenutbildning;5
2025-11-20;Lund;Vuxenutbildning;6
2025-11-20;Lund;Gymnasium;6
2025-11-21;Lund;Högskola, universitet;18
2025-11-21;Lund;Gymnasium;24
2025-11-21;Lund;Gymnasium;26
2025-11-21;Lund;Årskurs 9;23
2025-11-21;Lund;Gymnasium;29
2025-11-25;Lomma;Förskola;18
2025-11-25;Lund;Vuxenutbildning;6
2025-11-25;Lund;Gymnasium;30
2025-11-25;Malmö;Årskurs 2;18
2025-11-25;Malmö;Årskurs 3;18
2025-11-25;Övrigt;Högskola, universitet;53
2025-11-25;Övrigt;Högskola, universitet;21
2025-11-25;Lund;Gymnasium;30
2025-11-25;Lund;Högskola, universitet;18
2025-11-26;Lund;Förskola;15
2025-11-26;Lund;Vuxenutbildning;6
2025-11-27;Lund;Vuxenutbildning;6
2025-11-27;Lund;Vuxenutbildning;25
2025-11-27;Tomelilla;Vuxenutbildning;11
2025-11-27;Lund;Gymnasium;18
2025-12-02;Lund;Vuxenutbildning;6
2025-12-02;Lund;Gymnasium;15
2025-12-02;Lund;Vuxenutbildning;22
2025-12-02;Lund;Gymnasium;17
2025-12-02;Lund;Årskurs 1;21
2025-12-03;Lund;Gymnasium;7
2025-12-04;Eslöv;Årskurs 2;32
2025-12-04;Eslöv;Årskurs 5;24
2025-12-04;Lund;Årskurs 2;28
2025-12-04;Lund;Gymnasium;16
2025-12-05;Lund;Förskoleklass;26
2025-12-05;Lund;Årskurs 1;27
2025-12-05;Skurup;Vuxenutbildning;26
2025-12-05;Malmö;Gymnasium;60
2025-12-09;Kävlinge;Vuxenutbildning;38
2025-12-09;Lund;Förskoleklass;28
2025-12-09;Lund;Årskurs 2;44
2025-12-09;Lund;Årskurs 5;4
2025-12-10;Kävlinge;Vuxenutbildning;42
2025-12-10;Lund;Årskurs 2;25
2025-12-10;Lund;Förskola;22
2025-12-10;Lund;Förskola;8
2025-12-11;Lund;Gymnasium;17
2025-12-11;Lomma;Årskurs 2;52
2025-12-11;Lund;Förskoleklass;24
2025-12-11;Lund;Högskola, universitet;5
2025-12-11;Kristianstad;Gymnasium;6
2025-12-11;Lund;Högskola, universitet;18
2025-12-11;Burlöv;Vuxenutbildning;6
2025-12-11;Malmö;Vuxenutbildning;5
2025-12-12;Övrigt;Gymnasium;16
2025-12-12;Lund;Högskola, universitet;11
2025-12-12;Lund;Gymnasium;27
2025-12-12;Lund;Gymnasium;20
2025-12-12;Svalöv;Vuxenutbildning;11
2025-12-13;Malmö;Gymnasium;33
2025-12-16;Malmö;Förskola;20
2025-12-16;Lund;Gymnasium;28
2025-12-16;Kävlinge;Årskurs 7;50
2025-12-16;Båstad;Gymnasium;16
2025-12-17;Malmö;Gymnasium;18
2025-12-17;Lund;Högskola, universitet;27
2025-12-18;Lund;Årskurs 2;23
2025-12-18;Lund;Årskurs 2;21
2025-12-18;Lund;Årskurs 2;25
2025-12-18;Svalöv;Årskurs 8;32
2025-12-18;Bjuv;Årskurs 8;8
2025-12-18;Svalöv;Årskurs 8;30
2025-12-18;Svalöv;Årskurs 8;30
2025-12-22;Lund;Årskurs 2;5
2025-12-22;Lund;Årskurs 4;5
2025-12-29;Lund;Årskurs 3;7
2026-01-06;Lund;Förskola;1
2026-01-08;Lund;Högskola, universitet;1
2026-01-09;Lund;Årskurs 5;22
2026-01-14;Lund;Gymnasium;22
2026-01-15;Lund;Gymnasium;13
2026-01-15;Lund;Årskurs 5;75
2026-01-15;Malmö;Gymnasium;29
2026-01-16;Lund;Gymnasium;29
2026-01-20;Malmö;Högskola, universitet;45
2026-01-21;Övrigt;Gymnasium;19
2026-01-23;Eslöv;Årskurs 5;25
2026-01-23;Svalöv;Vuxenutbildning;9
2026-01-23;Lund;Högskola, universitet;17
2026-01-29;Lund;Högskola, universitet;23
2026-01-30;Lund;Gymnasium;15
2026-02-02;Övrigt;Högskola, universitet;24
2026-02-02;Lund;Vuxenutbildning;6
2026-02-03;Lomma;Årskurs 9;48
2026-02-03;Lund;Vuxenutbildning;6
2026-02-03;Lund;Förskola;16
2026-02-03;Lund;Förskola;1
2026-02-03;Övrigt;Högskola, universitet;27
2026-02-03;Lund;Årskurs 9;23
2026-02-04;Lomma;Årskurs 9;26
2026-02-04;Lomma;Årskurs 9;25
2026-02-04;Lund;Vuxenutbildning;6
2026-02-04;Lomma;Årskurs 7;30
2026-02-04;Lund;Högskola, universitet;1
2026-02-05;Lund;Förskoleklass;6
2026-02-05;Lund;Årskurs 1;6
2026-02-05;Lomma;Årskurs 9;25
2026-02-05;Lomma;Årskurs 9;21
2026-02-05;Lund;Vuxenutbildning;6
2026-02-06;Övrigt;Högskola, universitet;21
2026-02-06;Övrigt;Gymnasium;17
2026-02-06;Lund;Årskurs 9;22
2026-02-07;Kristianstad;Årskurs 8;15
2026-02-10;Lomma;Årskurs 9;46
2026-02-10;Lund;Vuxenutbildning;6
2026-02-10;Eslöv;Gymnasium;3
2026-02-11;Lomma;Årskurs 9;66
2026-02-11;Lund;Vuxenutbildning;6
2026-02-11;Lund;Gymnasium;10
2026-02-12;Lomma;Årskurs 9;40
2026-02-12;Lund;Vuxenutbildning;6
2026-02-12;Lund;Högskola, universitet;15
2026-02-12;Lund;Gymnasium;20
2026-02-13;Lund;Gymnasium;20
2026-02-13;Lund;Förskola;22
2026-02-15;Lund;Vuxenutbildning;6
2026-02-16;Lund;Årskurs 5;11
2026-02-16;Lund;Vuxenutbildning;6
2026-02-17;Lund;Årskurs 2;6
2026-02-17;Lund;Årskurs 5;5
2026-02-17;Lund;Årskurs 2;18
2026-02-17;Lund;Vuxenutbildning;6
2026-02-17;Lund;Årskurs 2;28
2026-02-17;Lund;Vuxenutbildning;24
2026-02-18;Lund;Vuxenutbildning;6
2026-02-18;Lund;Årskurs 2;16
2026-02-18;Lund;Årskurs 1;17
2026-02-18;Lund;Årskurs 1;26
2026-02-18;Lund;Förskola;31
2026-02-18;Lund;Årskurs 3;11
2026-02-18;Kävlinge;Årskurs 1;29
2026-02-19;Lund;Vuxenutbildning;6
2026-02-19;Lomma;Vuxenutbildning;6
2026-02-19;Malmö;Årskurs 1;23
2026-02-24;Lomma;Årskurs 9;41
2026-02-24;Lund;Förskola;11
2026-02-24;Lund;Vuxenutbildning;6
2026-02-24;Lund;Vuxenutbildning;1
2026-02-24;Lund;Vuxenutbildning;6
2026-02-24;Båstad;Gymnasium;17
2026-02-25;Lund;Vuxenutbildning;6
2026-02-25;Lomma;Årskurs 9;26
2026-02-25;Lomma;Årskurs 9;25
2026-02-25;Lund;Vuxenutbildning;17
2026-02-25;Helsingborg;Gymnasium;11
2026-02-25;Lund;Gymnasium;18
2026-02-26;Lomma;Årskurs 9;62
2026-02-26;Lund;Förskoleklass;23
2026-02-26;Malmö;Gymnasium;23
2026-02-26;Lund;Vuxenutbildning;6
2026-02-26;Lund;Högskola, universitet;1
2026-02-27;Malmö;Årskurs 5;26
2026-02-27;Malmö;Årskurs 5;23
2026-02-27;Malmö;Årskurs 5;23
2026-02-27;Malmö;Årskurs 5;2
2026-02-27;Övrigt;Gymnasium;19
2026-03-01;Lund;Vuxenutbildning;6
2026-03-03;Lund;Vuxenutbildning;6
2026-03-03;Lund;Vuxenutbildning;6
2026-03-03;Lund;Förskola;18
2026-03-03;Malmö;Högskola, universitet;6
2026-03-04;Lund;Vuxenutbildning;6
2026-03-04;Lund;Årskurs 3;24
2026-03-04;Staffanstorp;Förskola;13
2026-03-04;Lund;Årskurs 3;25
2026-03-04;Lund;Högskola, universitet;2
2026-03-05;Lund;Vuxenutbildning;6
2026-03-05;Lund;Förskola;24
2026-03-05;Staffanstorp;Förskola;11
2026-03-05;Landskrona;Årskurs 9;28
2026-03-05;Kävlinge;Årskurs 8;23
2026-03-05;Lund;Gymnasium;12
2026-03-06;Lund;Årskurs 3;28
2026-03-06;Lund;Förskola;24
2026-03-07;Lund;Vuxenutbildning;6
2026-03-07;Lund;Vuxenutbildning;6
2026-03-08;Lund;Vuxenutbildning;12
2026-03-08;Lund;Årskurs 4;1
2026-03-10;Lund;Årskurs 4;24
2026-03-10;Lund;Vuxenutbildning;6
2026-03-10;Lund;Förskola;20
2026-03-10;Staffanstorp;Förskola;12
2026-03-10;Lund;Årskurs 3;27
2026-03-10;Lund;Vuxenutbildning;6
2026-03-10;Lund;Högskola, universitet;17
2026-03-10;Lund;Gymnasium;9
2026-03-11;Lund;Årskurs 3;23
2026-03-11;Lund;Årskurs 3;28
2026-03-11;Lund;Gymnasium;26
2026-03-11;Lund;Vuxenutbildning;6
2026-03-12;Lund;Vuxenutbildning;6
2026-03-12;Lund;Årskurs 3;26
2026-03-12;Lund;Gymnasium;32
2026-03-12;Lund;Vuxenutbildning;10
2026-03-12;Malmö;Gymnasium;27
2026-03-13;Eslöv;Årskurs 6;60
2026-03-14;Lund;Vuxenutbildning;6
2026-03-15;Lund;Vuxenutbildning;6
2026-03-15;Lund;Högskola, universitet;1
2026-03-16;Lund;Vuxenutbildning;22
2026-03-17;Lund;Vuxenutbildning;6
2026-03-18;Lund;Vuxenutbildning;6
2026-03-18;Lund;Årskurs 3;21
2026-03-18;Lund;Årskurs 3;32
2026-03-19;Lund;Årskurs 3;64
2026-03-19;Lund;Förskola;19
2026-03-19;Lund;Årskurs 2;28
2026-03-19;Malmö;Gymnasium;21
2026-03-19;Lund;Vuxenutbildning;6
2026-03-19;Lund;Vuxenutbildning;3
2026-03-20;Malmö;Årskurs 4;13
2026-03-20;Malmö;Årskurs 8;8
2026-03-20;Lund;Förskola;10
2026-03-24;Lund;Årskurs 3;27
2026-03-24;Lund;Förskola;12
2026-03-24;Lund;Vuxenutbildning;6
2026-03-24;Lund;Förskola;21
2026-03-24;Lund;Förskola;1
2026-03-24;Lund;Förskola;22
2026-03-24;Lund;Årskurs 3;25
2026-03-24;Svedala;Vuxenutbildning;8
2026-03-24;Lund;Årskurs 3;19
2026-03-24;Lund;Årskurs 3;2
2026-03-24;Lund;Vuxenutbildning;6
2026-03-25;Lund;Årskurs 3;19
2026-03-25;Lund;Förskola;25
2026-03-25;Lund;Förskoleklass;20
2026-03-25;Lund;Gymnasium;12
2026-03-25;Lund;Årskurs 3;22
2026-03-25;Lund;Vuxenutbildning;6
2026-03-25;Malmö;Gymnasium;22
2026-03-25;Lund;Gymnasium;19
2026-03-26;Lund;Årskurs 3;27
2026-03-26;Lund;Vuxenutbildning;6
2026-03-26;Burlöv;Förskola;25
2026-03-26;Lund;Vuxenutbildning;25
2026-03-26;Lund;Årskurs 3;27
2026-03-26;Övrigt;Gymnasium;24
2026-03-26;Malmö;Årskurs 3;120
2026-03-26;Lomma;Högskola, universitet;50
2026-03-27;Lund;Årskurs 3;29
2026-03-27;Lund;Förskola;9
2026-03-27;Lund;Årskurs 3;30
2026-03-29;Lund;Vuxenutbildning;6
2026-03-30;Lund;Vuxenutbildning;6
2026-03-31;Lund;Vuxenutbildning;6
2026-03-31;Staffanstorp;Årskurs 2;28
2026-03-31;Lund;Årskurs 2;6
2026-03-31;Lund;Årskurs 2;31